class,precision,recall,f1-score,support
inactive_like,0.7605633802816901,0.8571428571428571,0.8059701492537313,63.0
active_like,0.8363636363636363,0.7301587301587301,0.7796610169491526,63.0
accuracy,0.7936507936507936,0.7936507936507936,0.7936507936507936,0.7936507936507936
macro avg,0.7984635083226632,0.7936507936507936,0.792815583101442,126.0
weighted avg,0.7984635083226632,0.7936507936507936,0.792815583101442,126.0
