model,accuracy,precision,recall,f1_score,mcc,roc_auc
RandomForest,0.7777777777777778,0.8301886792452831,0.6984126984126984,0.7586206896551724,0.5626893294421706,0.8589065255731922
XGBoost,0.8095238095238095,0.8421052631578947,0.7619047619047619,0.8,0.6218743352054218,0.8503401360544218
SVM,0.6984126984126984,0.6865671641791045,0.7301587301587301,0.7076923076923077,0.3976276728969934,0.7784076593600403
