Metric,Value
Sensitivity,0.7142857142857143
Specificity,0.8095238095238095
Balanced Accuracy,0.7619047619047619
MCC,0.5262013605584338
