Mean_predicted_probability,Observed_fraction_positive,Brier_score
0.07875,0.25,0.15803988095238097
0.19500000000000006,0.375,0.15803988095238097
0.28900000000000003,0.0,0.15803988095238097
0.38468750000000007,0.25,0.15803988095238097
0.52,0.5,0.15803988095238097
0.6446666666666665,0.6,0.15803988095238097
0.8777777777777777,1.0,0.15803988095238097
0.9789285714285711,1.0,0.15803988095238097
