Model,Validation,Accuracy,Precision,Recall,Sensitivity,Specificity,F1_score,MCC,ROC_AUC
RandomForest,Additional_internal_holdout_10_percent,0.7301587301587301,0.75,0.6774193548387096,0.6774193548386879,0.7812499999999756,0.711864406779661,0.4614689903257402,0.8508064516129032
