Training_set_size,Training_accuracy_mean,Training_accuracy_sd,Validation_accuracy_mean,Validation_accuracy_sd,Training_auc_mean,Training_auc_sd,Validation_auc_mean,Validation_auc_sd,Accuracy_gap,AUC_gap
100,1.0,0.0,0.6178666666666667,0.038999004451377224,1.0,0.0,0.7266415526784191,0.0371852299823653,0.3821333333333333,0.2733584473215809
157,1.0,0.0,0.6592,0.028318834047396477,1.0,0.0,0.7639984070091597,0.051088411001050334,0.3408,0.23600159299084034
215,0.9990697674418605,0.0020800632348835194,0.6958095238095238,0.022885168004365984,0.9999912922326715,1.9471159678685104e-05,0.7844695584326921,0.03946959973756157,0.3032602436323367,0.2155217337999794
272,0.9992647058823529,0.0016441676305145455,0.7149206349206348,0.03908685601228591,0.9999945907935306,1.209535336992994e-05,0.7940140930924342,0.037383711193233665,0.2843440709617181,0.2059804977010964
329,1.0,0.0,0.7356190476190475,0.01633369583258868,1.0,0.0,0.8192020416290771,0.03145681981114328,0.2643809523809525,0.18079795837092294
387,0.9994832041343669,0.0011555906860463885,0.7499936507936507,0.026330672387731072,0.9999973283462463,5.973999405552968e-06,0.8207275741837954,0.03171400499223988,0.2494895533407162,0.17926975416245094
444,1.0,0.0,0.7467936507936507,0.016746746392634872,1.0,0.0,0.82651964011411,0.04364235467115711,0.2532063492063493,0.17348035988588995
502,0.999601593625498,0.0008908637360556923,0.7626412698412699,0.03790589453520369,0.9999984127236076,3.5492579125507695e-06,0.8384154617641562,0.04350007164192746,0.23696032378422816,0.1615829509594514
