Model,Accuracy,Precision,Recall,Sensitivity,Specificity,F1_score,MCC,ROC_AUC
RandomForest,0.7698412698412699,0.7931034482758621,0.7301587301587301,0.7301587301587186,0.8095238095237967,0.7603305785123967,0.5413902920037097,0.8323255228017132
ExtraTrees,0.753968253968254,0.7857142857142857,0.6984126984126984,0.6984126984126873,0.8095238095237967,0.7394957983193278,0.5111012519999519,0.8246409674981103
XGBoost,0.7619047619047619,0.7894736842105263,0.7142857142857143,0.714285714285703,0.8095238095237967,0.75,0.5262013605584338,0.8117913832199547
SVM,0.7698412698412699,0.8148148148148148,0.6984126984126984,0.6984126984126873,0.8412698412698278,0.7521367521367521,0.5452752542346465,0.796674225245654
