,Accuracy,Accuracy,Precision,Precision,Recall,Recall,F1_score,F1_score,MCC,MCC,ROC_AUC,ROC_AUC
Dataset,Independent_Test,Train_10fold_CV,Independent_Test,Train_10fold_CV,Independent_Test,Train_10fold_CV,Independent_Test,Train_10fold_CV,Independent_Test,Train_10fold_CV,Independent_Test,Train_10fold_CV
Model,,,,,,,,,,,,
ExtraTrees,0.753968253968254,0.7512156862745099,0.7857142857142857,0.7734282955793254,0.6984126984126984,0.7256923076923076,0.7394957983193278,0.7454999770158048,0.5111012519999519,0.5076367208857382,0.8246409674981103,0.8418769230769231
RandomForest,0.7698412698412699,0.7473725490196078,0.7931034482758621,0.7817640356930975,0.7301587301587301,0.7056923076923076,0.7603305785123967,0.7375629760965599,0.5413902920037097,0.5023713837875816,0.8323255228017132,0.8346861538461539
SVM,0.7698412698412699,0.7471372549019609,0.8148148148148148,0.7833086121040086,0.6984126984126984,0.6975384615384616,0.7521367521367521,0.7339495237173226,0.5452752542346465,0.5019904376591481,0.796674225245654,0.8246400000000002
XGBoost,0.7619047619047619,0.7332549019607844,0.7894736842105263,0.7594473199907983,0.7142857142857143,0.6975384615384614,0.75,0.7238085650836872,0.5262013605584338,0.472114337783158,0.8117913832199547,0.8196246153846154
