Model,Dataset,Accuracy,Precision,Recall,Sensitivity,Specificity,F1_score,MCC,ROC_AUC
RandomForest,Independent_Test,0.7698412698412699,0.7931034482758621,0.7301587301587301,0.7301587301587186,0.8095238095237967,0.7603305785123967,0.5413902920037097,0.8323255228017132
ExtraTrees,Independent_Test,0.753968253968254,0.7857142857142857,0.6984126984126984,0.6984126984126873,0.8095238095237967,0.7394957983193278,0.5111012519999519,0.8246409674981103
XGBoost,Independent_Test,0.7619047619047619,0.7894736842105263,0.7142857142857143,0.714285714285703,0.8095238095237967,0.75,0.5262013605584338,0.8117913832199547
SVM,Independent_Test,0.7698412698412699,0.8148148148148148,0.6984126984126984,0.6984126984126873,0.8412698412698278,0.7521367521367521,0.5452752542346465,0.796674225245654
ExtraTrees,Train_10fold_CV,0.7512156862745099,0.7734282955793254,0.7256923076923076,0.7256923076923076,0.7770769230768922,0.7454999770158048,0.5076367208857382,0.8418769230769231
RandomForest,Train_10fold_CV,0.7473725490196078,0.7817640356930975,0.7056923076923076,0.7056923076923076,0.789384615384584,0.7375629760965599,0.5023713837875816,0.8346861538461539
SVM,Train_10fold_CV,0.7471372549019609,0.7833086121040086,0.6975384615384616,0.6975384615384616,0.7969230769230452,0.7339495237173226,0.5019904376591481,0.8246400000000002
XGBoost,Train_10fold_CV,0.7332549019607844,0.7594473199907983,0.6975384615384614,0.6975384615384614,0.7692307692307387,0.7238085650836872,0.472114337783158,0.8196246153846154
