Validation,Result
ROC-AUC,0.8323255228017132
MCC,0.5262013605584338
Sensitivity,0.7142857142857143
Specificity,0.8095238095238095
5-Fold CV,0.8374938027779809
Calibration,0.15803988095238097
Y-Randomization,0.009900990099009901
Applicability Domain,99/126
