feature_selection_method,model_algorithm,accuracy,precision,recall,f1_score,mcc,roc_auc
XGBoost-RFE,XGBoost,0.8492063492063492,0.8793103448275862,0.8095238095238095,0.8429752066115702,0.7006227308283303,0.9130763416477703
