feature_selection_method,model_algorithm,accuracy,precision,recall,f1_score,mcc,roc_auc
SVM-RFE,SVM,0.7777777777777778,0.7692307692307693,0.7936507936507936,0.78125,0.5558357147037486,0.8733938019652305
SVM-RFE,RF,0.8174603174603174,0.8846153846153846,0.7301587301587301,0.8,0.6448258802191611,0.8717561098513479
SVM-RFE,XGBoost,0.8015873015873016,0.7878787878787878,0.8253968253968254,0.8062015503875969,0.6038596398555418,0.8770471151423533
RF-RFE,SVM,0.7857142857142857,0.8214285714285714,0.7301587301587301,0.773109243697479,0.5749889084999459,0.8621819098009574
RF-RFE,RF,0.8095238095238095,0.8679245283018868,0.7301587301587301,0.7931034482758621,0.6269966813784187,0.8568909045099522
RF-RFE,XGBoost,0.7936507936507936,0.8363636363636363,0.7301587301587301,0.7796610169491526,0.5920947427388638,0.8480725623582765
XGBoost-RFE,SVM,0.8571428571428571,0.8813559322033898,0.8253968253968254,0.8524590163934426,0.7157298112145881,0.8941798941798942
XGBoost-RFE,RF,0.8650793650793651,0.9423076923076923,0.7777777777777778,0.8521739130434782,0.7415497622520352,0.889140841521794
XGBoost-RFE,XGBoost,0.8492063492063492,0.8793103448275862,0.8095238095238095,0.8429752066115702,0.7006227308283303,0.9130763416477703
