Algorithm,Accuracy,Precision,Recall,F1-score,ROC-AUC
SVM,0.7368421052631579,0.775,0.6595744680851063,0.7126436781609196,0.835549645390071
RandomForest,0.7894736842105263,0.8292682926829268,0.723404255319149,0.7727272727272727,0.8570478723404256
