Algorithm,Accuracy,Precision,Recall,F1-score,ROC-AUC
SVM,0.7446808510638298,0.7948717948717948,0.6595744680851063,0.7209302325581395,0.805115436849253
RandomForest,0.7978723404255319,0.868421052631579,0.7021276595744681,0.7764705882352941,0.8166591217745586
