Metric,CI_2.5%,Median,CI_97.5%
Accuracy,0.7127659574468085,0.7978723404255319,0.8723404255319149
F1-score,0.6664634146341463,0.7761194029850746,0.8636800699300698
ROC-AUC,0.7627970801267543,0.8501584427342689,0.9220068027210885
