model,fold,roc_auc
SVM,1,0.8518518518518519
SVM,2,0.8785588309397833
SVM,3,0.9035021415973796
SVM,4,0.18305171530977987
SVM,5,0.8084997439836149
RandomForest,1,0.8775510204081632
RandomForest,2,0.8969513731418494
RandomForest,3,0.9075333837238599
RandomForest,4,0.8174603174603174
RandomForest,5,0.8353814644137225
