model,mean,std,min,max
RandomForest,0.8669755118295825,0.03906812294327122,0.8174603174603174,0.9075333837238599
SVM,0.7250928567364819,0.3050470573718183,0.18305171530977987,0.9035021415973796
