Algorithm,Accuracy,Precision,Recall,F1-score,ROC-AUC
RandomForest,0.8210526315789474,0.8571428571428571,0.7659574468085106,0.8089887640449438,0.8940602836879433
SVM,0.8105263157894737,0.8918918918918919,0.7021276595744681,0.7857142857142857,0.8723404255319148
