Algorithm,Accuracy,Precision,Recall,F1-score,ROC-AUC
RandomForest,0.9635535307517085,0.9766355140186916,0.95,0.9631336405529954,0.9951743462017435
SVM,0.8132118451025057,0.8285714285714286,0.7909090909090909,0.8093023255813954,0.8986093814860937
