Algorithm,Accuracy,Precision,Recall,F1-score,ROC-AUC
RandomForest,0.7978723404255319,0.868421052631579,0.7021276595744681,0.7764705882352941,0.8460842009959257
SVM,0.776595744680851,0.8095238095238095,0.723404255319149,0.7640449438202247,0.816206428248076
