Algorithm,Accuracy,Precision,Recall,F1-score,ROC-AUC
SVM,0.776595744680851,0.825,0.7021276595744681,0.7586206896551724,0.8460842009959256
RF,0.8191489361702128,0.8947368421052632,0.723404255319149,0.8,0.8483476686283385
XGBoost,0.776595744680851,0.7954545454545454,0.7446808510638298,0.7692307692307693,0.8433680398370303
