Algorithm,Accuracy,Precision,Recall,F1-score,ROC-AUC
SVM,0.9339407744874715,0.95260663507109,0.9136363636363637,0.9327146171693735,0.9901618929016189
RF,0.9977220956719818,1.0,0.9954545454545455,0.9977220956719818,0.9999896222498963
XGBoost,0.9908883826879271,0.9821428571428571,1.0,0.990990990990991,0.9993046907430468
