Algorithm,Accuracy,Precision,Recall,F1-score,ROC-AUC
SVM,0.9521640091116174,0.9585253456221198,0.9454545454545454,0.9519450800915332,0.9946450809464508
RF,0.9977220956719818,0.995475113122172,1.0,0.9977324263038548,0.9999896222498962
XGBoost,0.9908883826879271,0.9864864864864865,0.9954545454545455,0.9909502262443439,0.999813200498132
