Algorithm,Accuracy,Precision,Recall,F1-score,ROC-AUC
SVM,0.8297872340425532,0.9428571428571428,0.7021276595744681,0.8048780487804879,0.9157990040742418
RF,0.8404255319148937,0.9,0.7659574468085106,0.8275862068965517,0.8804889090086012
XGBoost,0.851063829787234,0.9459459459459459,0.7446808510638298,0.8333333333333334,0.8963331824354911
